Company,Role,Location,Date Posted
Arista Networks,Electrical NPI Engineer – Entry Level,"Santa Clara, CA",Mar 09
NVIDIA,System Software Engineer – New College Grad 2024 - Cloud AI,"Santa Clara, CA",Mar 09
NVIDIA,Compiler Engineer – New College Grad 2024 - Deep Learning,"Redmond, WA Santa Clara, CA",Mar 09
Palantir,Product Reliability Engineer – New Grad,"Palo Alto, CA",Mar 08
Palantir,Product Reliability Engineer – New Grad,"Denver, CO",Mar 08
The Boeing Company,Early career Software Implementation Developer,"Montreal, QC, Canada",Mar 08
Foursquare,Software Engineer - Dpio,"Seattle, WA",Mar 08
Foursquare,Software Engineer - Dpio,SF,Mar 08
Foursquare,Software Engineer - Dpio,NYC,Mar 08
Foursquare,Software Engineer - Dpio,"Chicago, IL",Mar 08
Foursquare,Software Engineer - Dpio,Remote in USA,Mar 08
Interactive Brokers,Software Developer - C++,"Greenwich, CT",Mar 08
Okta,Software Engineer I – New Grad - 2024,"Bellevue, WA",Mar 08
Okta,2024 New Grad - Software Engineer I,"Toronto, ON, Canada",Mar 07
Emerald Cloud Lab,Platform Engineer,"Austin, TX",Mar 06
The RealReal,Associate Specialist - Fine Jewelry & Watches,"Union City, NJ",Mar 06
Welocalize,Entry-Level AI Data Rater - English - Canada,Canada,Mar 02
Match Group,Software Engineer - IOS,"Palo Alto, CA",Mar 02
HeartFlow,Entry-level Software Engineer - Frontend Full Stack,"Austin, TX Mountain View, CA",Mar 01
Alarm.com,Software Engineer,"Vienna, VA",Feb 29
Abnormal Security,Software Engineer II - Cloud Infrastructure,Remote in USA,Feb 29
Coalition,Software Engineer-Cyber Policies,Canada,Feb 28
Coalition,Software Engineer-Cyber Policies,United States,Feb 28
Altera Digital Health,Associate Software Engineer - Remote,Remote in USA,Feb 28
Altera Digital Health,Associate Software Engineer - Remote,Remote in USA,Feb 28
Lucid,Data Analyst,"Raleigh, NC",Feb 28
Lucid,Data Analyst,"Salt Lake City, UT",Feb 28
The RealReal,Associate Specialist - Fine Jewelry & Watches,"Iselin, Woodbridge Township, NJ",Feb 27
Western Digital,New College Grad Engineer - Software Engineering - Graduating Dec 2023 - May 2024,"Rochester, MN",Feb 25
NewsBreak,Machine Learning Engineer – Junior & New Grad,"Mountain View, CA",Feb 24
LogicMonitor,Associate Data Analyst - CX Strategy & Operations,"Austin, TX",Feb 23
LogicMonitor,Associate Data Analyst - CX Strategy & Operations,"Santa Barbara, CA",Feb 23
Dow Jones,Software Engineer,"Gaithersburg, MD",Feb 23
Watershed,Software engineer – New grad,SF,Feb 23
Relativity Space,Weld Engineer I,"Long Beach, CA",Feb 22
dunnhumby,Customer Engagement Analyst,"Grand Rapids, MI",Feb 22
Thumbtack,Product Data Scientist - Customer Growth,Remote in USA,Feb 21
Thumbtack,Product Data Scientist - Customer Growth,Remote,Feb 21
Onbe,Associate Software Engineer,"Dallas, TX",Feb 21
Onbe,Associate Software Engineer,"Conshohocken, PA",Feb 21
Onbe,Associate Software Engineer,"Wheeling, IL",Feb 21
Momentum Worldwide,Associate Creative Technologist,"St. Louis, MO",Feb 16
IPG DXTRA,Associate Creative Technologist,"St. Louis, MO",Feb 16
Konrad Group,Software Developer – Entry Level,"Toronto, ON, Canada",Feb 16
Acorns,Software Engineer I - Web,Remote in USA,Feb 15
Hello Fresh,Data Analyst,"Irving, TX",Feb 15
NVIDIA,Software Engineer – New College Grad 2024,"Santa Clara, CA",Feb 14
NVIDIA,Web Application Software Engineer – New College Grad 2024,"Santa Clara, CA",Feb 14
PayPal,Software Engineer – Recent Grad,"San Jose, CA",Feb 14
NVIDIA,Compiler Engineer – New College Grad 2024 - Deep Learning,"Redmond, WA Santa Clara, CA",Feb 14
TigerGraph,Software Engineer - Infrastructure,"San Carlos, CA",Feb 13
Cadence Design Systems,Software Engineer – New College Grad 2024,"San Jose, CA",Feb 13
Western Digital,New College Grad - Data Scientist,"San Jose, CA",Feb 10
Govini,Entry Level Data Scientist,"Pittsburgh, PA",Feb 09
HCVT,Application Developer,"Glendale, CA",Feb 09
Skydio,Robotics Automation Engineer,"San Mateo, CA",Feb 09
Evisort,Legal Fellow,Remote in USA,Feb 08
Redsox,Developer – Baseball Systems,"Cambridge, MA",Feb 07
Empowerly,Product Manager,Remote in USA,Feb 07
Barkley,Data Analyst,"Kansas City, MO",Feb 07
Welocalize,Entry-Level AI Data Rater - English - US,United States,Feb 07
Rockset,Software Engineer – New Grad,"San Mateo, CA",Feb 07
Fortra,Data Protection Analyst,United States,Feb 07
Qualtrics,Security Operations Engineer I - Provo,"Provo, UT",Feb 06
Relativity Space,Materials & Processes Engineer I - General Metallics,"Long Beach, CA",Feb 06
Gelber Group,Software Engineer-Equity Derivatives Desk,"Chicago, IL",Feb 03
Trustpilot,Fraud Detection Analyst,"London, UK",Feb 02
NewsBreak,Software Engineer – Junior & New Grad,"Mountain View, CA",Feb 02
Zynga,Software Engineer - Client - Tech Enablement - Central tech,Canada,Feb 01
NVIDIA,Deep Learning Tools Developer – New College Grad 2024,"Santa Clara, CA",Feb 01
Western Digital,New College Grad - Software Engineer - System Testing,"Rochester, MN",Feb 01
Navan (fka TripActions),New College Grad Software Engineer - Front-End,"Palo Alto, CA",Feb 01
Ultra Mobile,QA Engineer - Hybrid,"Newport Beach, CA",Jan 30
CannonDesign,Data Analyst & Visualizer – Entry Level,Remote in USA,Jan 29
Hudl,Quality Assurance Engineer I – May Graduates,"Lincoln, NE Omaha, NE",Jan 27
Hudl,Quality Assurance Engineer I – May Graduates,"Lincoln, NE Omaha, NE",Jan 27
Western Digital,New College Grad Engineer - Software Engineering - Firmware,"San Jose, CA",Jan 27
Cadence Design Systems,Software Engineer – New College Grad 2024,Remote in USA,Jan 26
Budderfly,Associate Energy Engineer - Solutions Development-Remote,Remote in USA,Jan 25
Alexandra Lozano Immigration Law PLLC,IT Support Bilingual English/Spanish,"Tukwila, WA",Jan 25
NVIDIA,Software Engineer – New College Grad 2024 - Chip Design Tools,"Santa Clara, CA",Jan 25
Cadence Design Systems,Software Engineer II – New College Grad - Burlington - MA/Greater Boston Area,"Northridge, LA",Jan 24
Abnormal Security,Software Engineer II - Cloud Infrastructure,Remote in USA,Jan 24
Gelber Group,Trade Desk Analyst,"Chicago, IL",Jan 22
The RealReal,Associate Specialist - Fjw,"Phoenix, AZ",Jan 20
Pure Storage,Software Engineer Grad,"Santa Clara, CA",Jan 20
Akuna Capital,Women in Trading Sneak Peek Week - 2024,"Chicago, IL",Jan 20
NVIDIA,Architecture Energy Modeling Engineer – New College Grad 2024,"Santa Clara, CA",Jan 20
NVIDIA,Power Architect – New College Grad 2024,"Santa Clara, CA",Jan 20
NVIDIA,Backend Compiler Engineer – New College Grad 2024 - Gpu,"Austin, TX Remote in USA",Jan 20
Codazen,Full-Stack Engineer Summer 2024 New Grad,"Irvine, CA",Jan 19
OneLocal,Quality Assurance Analyst,Remote,Jan 18
Western Digital,New College Grad Engineer - Software Engineering - Graduating Dec 2023 - May 2024,"Rochester, MN",Jan 18
Jamf,Technical Support Associate – Entry Level - High Potential,Remote in USA,Jan 17
Similarweb,Data Scientist – Entry Level,NYC,Jan 17
Alarm.com,Associate Build and Release Engineer,"Vienna, VA",Jan 13
Jerry,Full Stack Software Engineer - Chatbot,SF,Jan 13
ServiceNow,Finance Development Rotation Program – New Grad,"Santa Clara, CA",Jan 12
MarketAxess,2024 Future Leaders in Action Externship,NYC,Jan 11
NVIDIA,GPU Architect – New College Grad 2024,"Santa Clara, CA",Jan 11
Western Digital,New College Grad Software Engineer-Firmware Engineering - HDD Servo Signal Integration and Detection,"San Jose, CA",Jan 09
NVIDIA,Machine Learning Software Platform Architecture – New College Grad 2024,"Santa Clara, CA",Jan 09
Visa,Systems Engineer – New College Grad - 2024,"Highlands Ranch, CO",Jan 09
Visa,Associate Systems Analyst – New College Grad - 2024,"Austin, TX",Jan 06
CoreWeave,IT Specialist II,"Livingston, NJ",Jan 05
Visa,Associate Systems Analyst – New College Grad - 2024,"Austin, TX",Jan 05
WeRide,Software Engineer – New Grads 2024 - Campus Recruiting,"San Jose, CA",Jan 03
Matroid,Deep Learning Field Engineer,"Palo Alto, CA",Jan 03
Matroid,Deep Learning Engineer,"Palo Alto, CA",Jan 03
Palantir,Product Designer – New Grad - US Government,"Washington, DC",Jan 03
NVIDIA,Verification Engineer – New College Grad 2024 - Memory Controller,"Santa Clara, CA",Dec 30
CDC Foundation,Data Analyst,Florida,Dec 29
IXL Learning,Software Engineer – New Grad,"San Mateo, CA",Dec 28
IXL Learning,Software Developer – New Grad,"Toronto, ON, Canada",Dec 28
IXL Learning,Software Engineer – New Grad,"Raleigh, NC",Dec 28
Hello Fresh,Analyst – Planning,"4 locationsNewnan, GA Newark, NJ Phoenix, AZ Irving, TX",Dec 28
Jerry,Full Stack Software Engineer - Chatbot,SF,Dec 23
Cadence Design Systems,Application Engineer – New College Grad,"San Jose, CA",Dec 22
Cadence Design Systems,Application Engineer – New College Grad,"San Jose, CA",Dec 22
Cadence Design Systems,Application Engineer – New College Grad,"Austin, TX",Dec 22
Cadence Design Systems,Application Engineer – New College Grad,"San Jose, CA",Dec 22
Cadence Design Systems,Application Engineer – New College Grad,"San Jose, CA",Dec 22
Cadence Design Systems,Application Engineer – New College Grad,"San Jose, CA",Dec 22
Cadence Design Systems,Application Engineer – New College Grad,"San Jose, CA",Dec 22
Cadence Design Systems,Application Engineer – New College Grad,"San Jose, CA",Dec 22
Cadence Design Systems,Application Engineer – New College Grad,"San Jose, CA",Dec 22
Cadence Design Systems,Application Engineer – New College Grad,"San Jose, CA",Dec 22
Cadence Design Systems,Application Engineer – New College Grad,"San Jose, CA",Dec 22
Cadence Design Systems,Application Engineer – New College Grad,"San Jose, CA",Dec 22
Cadence Design Systems,Application Engineer – New College Grad,"San Jose, CA",Dec 22
NVIDIA,GPU Compute Compiler Engineer – New College Grad 2024,"Austin, TX Redmond, WA Santa Clara, CA",Dec 21
Constellation Technologies,Software Engineer – Entry level,"Odenton, MD",Dec 20
Zoox,Software Engineer: Secure Embedded Operating Systems,"San Mateo, CA",Dec 20
Cadence Design Systems,Application Engineer – New College Grad,"San Jose, CA",Dec 18
Arista Networks,Software Engineer – Fresh graduates,"Vancouver, BC, Canada",Dec 16
NVIDIA,Semiconductor Safety Engineer – New College Grad 2024,"Austin, TX Santa Clara, CA",Dec 16
NVIDIA,DL Infrastructure Engineer – New College Grad 2024,"Santa Clara, CA",Dec 16
Rackner,Software Engineer,"Arlington, VA",Dec 15
NVIDIA,Software Engineer – New College Grad 2024 - Deep Learning Inference Workflows,"Santa Clara, CA",Dec 15
Column,Techops Engineer – New Grad,SF,Dec 15
Marshall Wace,New Grad Software Engineer,"New York, NY",Dec 14
Canonical,"Graduate Linux System Engineer - QA, Tooling, Automation",Home based - Worldwide,Dec 14
Relativity Space,GNC Engineer I,"Long Beach, CA",Dec 14
Neuralink,Software Engineer New Grad,"Fremont, CA",Dec 13
NVIDIA,System Verification Infrastructure Engineer – New College Grad 2024,"Santa Clara, CA Durham, NC Hillsboro, OR",Dec 13
NVIDIA,Verification Engineer – New College Grad 2024 - Memory Controller,"Toronto, ON, Canada",Dec 13
Wayfair,Data Engineer,"Cambridge, MA",Dec 13
Minitab,Software Engineer,"State College, PA",Dec 13
Fluence,Rotational Engineer-Early Career,"Houston, TX",Dec 12
Workato,Interaction Designer,"Mountain View, CA",Dec 12
Workato,Interaction Designer,"Toronto, ON, Canada",Dec 12
NVIDIA,ASIC Timing Engineer – New College Grad 2023,"Santa Clara, CA",Dec 12
Palantir,Product Designer – New Grad,"London, UK",Dec 11
Alto Pharmacy,Early Career Software Engineer,Remote,Dec 10
Nutanix,Software Engineer 1 / Early Career,"San Jose, CA",Dec 09
Flipp,Data Engineer Associate,Remote,Dec 09
Salesforce,Software Engineer AMTS/MTS – New Grad,"Seattle, WA SF",Dec 08
Fluence,Rotational Engineer-Early Career,"Houston, TX",Dec 06
CDC Foundation,Data Analyst,Pennsylvania,Dec 06
NVIDIA,Compiler Engineer – New College Grad 2024 - LLVM,"Austin, TX Redmond, WA Santa Clara, CA",Dec 05
Ripple,Software Engineer I,"Toronto, ON, Canada",Dec 02
E-Space,GNC Software Engineer,"Saratoga, CA",Dec 02
Visa,Software Engineer - New College Grad-2024,"Atlanta, GA",Dec 02
Visa,Software Engineer - New College Grad-2024,"Austin, TX",Dec 02
Hex Technologies,AI Engineer,Remote,Dec 02
Proprio,Software Engineer: Algorithms,"Seattle, WA",Dec 01
pony.ai,Software Engineer - Data and Evaluation,"Fremont, CA",Dec 01
theScore,Data Scientist,"Toronto, ON, Canada",Nov 30
Arsiem Corporation,Software Engineer 0,"Annapolis Junction, MD",Nov 30
Instacart,Software Engineer,"Toronto, ON, Canada",Nov 30
Penn Interactive,Data Scientist,"Philadelphia, PA",Nov 30
Cadence Design Systems,Software Engineer – New College Grad 2024,"Northridge, LA",Nov 30
Cadence Design Systems,Software Engineer – New College Grad 2024,"San Jose, CA",Nov 30
Weee!,Logistics Analyst,"Fremont, CA",Nov 30
The Boeing Company,Early career Software Implementation Developer,"Montreal, QC, Canada",Nov 30
Technergetics,Entry Level Software Developer,Remote,Nov 30
NVIDIA,System Software Engineer – New College Grad 2024 - GPU Server,"Santa Clara, CA",Nov 30
Episode Six,Associate Devops Engineer,"Austin, TX",Nov 30
Navan (fka TripActions),New College Grad Software Engineer - Front-End,"Palo Alto, CA",Nov 30
NVIDIA,Physical Design Methodology and Operations Engineer – New College Grad 2024,"Santa Clara, CA",Nov 30
GigaBrain,Software Engineer,LA,Nov 29
Rhombus Power,Data Engineer - Active TS or TS/SCI Clearance - Washington DC,"Washington, DC",Nov 09
Rhombus Power,Data Engineer - Active TS or TS/SCI Clearance - Honolulu,"Honolulu, HI",Nov 09
Visa,Associate Cybersecurity Analyst – New College Grad,"Austin, TX",Nov 08
Visa,Software Test Engineer – New College Grad,"San Mateo, CA",Nov 08
Salesforce,Software Engineering AMTS – New Grad,"4 locationsPalo Alto, CA Seattle, WA SF Kirkland, WA",Nov 07
Visa,Systems Engineer – New College Grad - 2024,"Ashburn, VA",Nov 07
Affirm,Software Engineer – Early Career,"Chicago, IL",Nov 07
Affirm,Software Engineer – Early Career,SF,Nov 07
Affirm,Software Engineer – Early Career,NYC,Nov 07
Uber,2024 Software Engineering Boost Fellowship - US,NYC,Nov 03
Constellation Technologies,Software Engineer 0,"Odenton, MD",Nov 03
Visa,Software Engineer - New College Grad-2024,"Austin, TX",Nov 03
Visa,Software Engineer - New College Grad-2024,"Atlanta, GA",Nov 03
Oscar Health,Data Scientist I - Risk Analytics,LA,Nov 03
Oscar Health,Data Scientist I - Risk Analytics,NYC,Nov 03
Oscar Health,Data Scientist I - Risk Analytics,Remote,Nov 03
Rocket Lab USA,GNC Engineer I,"Long Beach, CA",Nov 02
Okta,Site Reliability Engineer,"London, UK",Nov 02
Movable Ink,Associate Software Developer - Integrations,"Toronto, ON, Canada",Nov 02
Arista Networks,Software Engineer,"Vancouver, BC, Canada",Nov 02
Arista Networks,Software Engineer - Packet Forwarding Engines,"Vancouver, BC, Canada",Nov 02
Arista Networks,Software Engineer - Network Systems,"Vancouver, BC, Canada",Nov 02
Matroid,Full Stack Engineer for Computer Vision Products,"Palo Alto, CA",Nov 02
ServiceNow,Machine Learning Engineer – New Grad,"Montreal, QC, Canada",Nov 01
Palantir,Software Engineer – New Grad,"Washington, DC",Oct 31
Wisk,Software Engineer,"Mesa, AZ",Oct 30
Nutanix,Software Engineer 1 / Early Career,"San Jose, CA",Oct 27
Visa,Site Reliability Engineer – New College Grad - 2024,"Denver, CO",Oct 27
Palantir,Software Engineer – New Grad,"Washington, DC",Oct 26
Visa,Site Reliability Engineer – New College Grad - 2024,"Austin, TX",Oct 26
AnaVation LLC,Software Developer - Remote,"Chantilly, VA",Oct 25
Palantir,Forward Deployed Software Engineer – New Grad - UK Government,"London, UK",Oct 25
Cadence Design Systems,Software Engineer – New College Grad 2024,"Austin, TX San Jose, CA",Oct 25
Jane Street,Teaching Assistants - Mathematics - Academy of Math and Programming - Amp,NYC,Oct 24
Jane Street,Teaching Assistants - Computer Science - Academy of Math and Programming - Amp,NYC,Oct 24
Palantir,Software Engineer – New Grad,"Seattle, WA",Oct 23
Cadence Design Systems,Software Engineer – New College Grad 2024,"San Jose, CA Pittsburgh, PA",Oct 23
Salesforce,Software Engineering AMTS – New Grad,"Seattle, WA SF Remote in USA",Oct 23
Cover Genius,Client Solutions Engineer,"London, UK",Oct 21
Alchemy,Software Engineer – New Grad,SF NYC,Oct 20
The Athletic Media Company,Software Engineer - Full Stack - Australia,United States,Oct 18
Loop,Software Engineer – 2024 New Grad,SF,Oct 18
Loop,Software Engineer – 2024 New Grad,"Chicago, IL",Oct 18
Salesforce,Software Engineering AMTS/MTS – New Grad,"10 locationsCambridge, MA Seattle, WA Indianapolis, IN SF Remote in USA Chicago, IL NYC Bellevue, WA Atlanta, GA Burlington, MA",Oct 18
Jane Street,Operations Specialist,NYC,Oct 14
Immuta,Software Engineer - Application Support,"Hyattsville, MD",Oct 13
Immuta,Software Engineer - Application Support,"Hyattsville, MD",Oct 13
Figma,"Associate Product Manager, Early Career (2024)","San Francisco, CA New York, NY,",Oct 12
Cummins,Software Engineer Entry Level Full Time Positions,"Columbus, Indiana",Oct 12
Wayfair,Software Engineer I - Summer 2024,"Boston, Massachusetts",Oct 12
Palantir,Product Designer – New Grad,"Washington, DC",Oct 11
Palantir,Product Designer – New Grad,NYC,Oct 11
Tenstorrent,Physical Design Engineer – New Grad - AI/CPU Silicon Design,United States,Oct 11
Zoom,AI Machine Learning Engineer – New Grad,"Oakland, CA",Oct 11
Zoom,AI Machine Learning Engineer – New Grad,"Oakland, CA",Oct 11
Zoom,AI Machine Learning Speech Engineer – New Grad,"Oakland, CA",Oct 11
Zoom,AI Machine Learning Engineer – New Grad,"Oakland, CA",Oct 11
NVIDIA,Solutions Architect – New College Grad - Wwfo,"Santa Clara, CA",Oct 11
Qumulo,Software Development Engineer: Entry-Level - 2024,"Seattle, WA",Oct 11
Forward,Software Engineer – Entry Level - Full Stack,SF,Oct 10
NimbleRx,Data Analyst,"San Carlos, CA",Oct 10
NVIDIA,Silicon Solution Engineer – New College Grad 2024,"Santa Clara, CA",Oct 10
Sprout Social,Associate Software Engineer – New Grad,Remote in USA,Oct 10
NVIDIA,Infrastructure Engineer – New College Grad 2024,"Toronto, ON, Canada",Oct 10
Grammarly,Software Engineer – New Grad,Remote in USA United States,Oct 10
Chartboost,Software Engineer - Bidder,Remote in USA,Oct 04
NVIDIA,Compiler Engineer – New College Grad - LLVM,"Austin, TX Redmond, WA Santa Clara, CA",Oct 04
RVO Health,2024 Early Career Program: Business Analysis Associate,"Charlotte, NC",Oct 03
Visa,Software Engineer - New College Grad-2024,"San Mateo, CA",Oct 03
Visa,Software Engineer - New College Grad-2024,"Austin, TX",Oct 03
Visa,Software Engineer - New College Grad-2024,"Atlanta, GA",Oct 03
Applied Intuition,Embedded Software Engineer – New Grad,"Mountain View, CA",Oct 02
CDC Foundation,Data Analyst,Arizona,Oct 02
Chartboost,Data Engineer,SF,Sep 30
Businessolver,Java Engineer I - Work Remotely within the United States,Remote in USA,Sep 29
Palantir,Software Engineer – New Grad,"Denver, CO",Sep 29
SoFi,New Grad – Software Engineer - Borrow,"Helena, MT",Sep 29
Optiver,Campus: Software Engineer - 2024 Start - Austin,"Austin, TX",Sep 29
84.51 Degrees,Software Engineer - Development Program 2024,"Chicago, IL Cincinnati, OH",Sep 29
Duolingo,Product Designer – New Grad,"Pittsburgh, PA",Sep 29
ServiceNow,Utg – New Grad - Software Quality Engineer,"San Diego, CA",Sep 29
Figma,Business Data Scientist – Early Career - 2024,SF NYC,Sep 28
Zoom,Video Codec Engineer – New Grad,"Oakland, CA",Sep 28
Pomelo,Software Engineer – New Graduates,SF,Sep 27
Boston Dynamics AI Institute,Robot Application Engineer,"Cambridge, MA",Sep 26
Cantina,Media Software Engineer - Real-Time,"Sunnyvale, CA",Sep 26
FreedomPay,Software Engineer Associate - Device Team,"Philadelphia, PA",Sep 26
Pinterest,University Grad Software Engineer - USA,Remote in USA,Sep 26
Pinterest,University Grad Software Engineer - Palo Alto,"Palo Alto, CA",Sep 26
Pinterest,Mobile Engineer University Grad - USA,Remote in USA,Sep 26
HBK Capital Management,Systems Developer,"Dallas, TX",Sep 26
XTX Markets,Operations Analyst - New York,NYC,Sep 25
Uncountable,Product Manager (New Grad),SF NYC,Sep 25
Conduit,Software Engineer – New Grad,SF,Sep 24
HPR (Hyannis Port Research),Software Engineer I,"Needham, MA",Sep 24
Abnormal Security,Machine Learning Engineer,Remote in USA,Sep 23
NVIDIA,Developer Technology Engineer – New College Grad - Public Sector,"Santa Clara, CA",Sep 22
NVIDIA,Deep Learning Algorithm Engineer – New College Grad,"Santa Clara, CA",Sep 22
Abnormal Security,Software Engineer II - Machine Learning,Remote,Sep 22
Pear VC,Founding Software Engineer,NYC,Sep 21
OptionMetrics,IT Operations Engineering Manager,NYC,Sep 21
Salesforce,Software Engineering AMTS – New Grad,"Seattle, WA SF Remote in USA",Sep 20
Scale AI,Operations Program Manager - Customer Operations,"Seattle, WA SF NYC",Sep 20
Scale AI,Operations Associate,"4 locationsSF Dallas, TX St. Louis, MO NYC",Sep 20
Codazen,Full-Stack Engineer Winter New Grad,"Irvine, CA",Sep 20
Oscar Health,Data Scientist I - Risk Analytics,Remote,Sep 20
Oscar Health,Data Scientist I - Risk Analytics,LA,Sep 20
Oscar Health,Data Scientist I - Risk Analytics,NYC,Sep 20
Trumid,Fixed Income Operations Analyst,NYC,Sep 19
NVIDIA,Firmware Engineer – New College Grad 2023,"Santa Clara, CA",Sep 19
TuSimple,Map Engine Engineer,"San Diego, CA",Sep 18
TuSimple,Localization Engineer,"San Diego, CA",Sep 18
**Chan Zuckerberg Biohub **,Application Engineer - Advanced Optical Microscopy,SF,Sep 18
ZipRecruiter,Software Engineer – New Grad,"Santa Monica, CA",Sep 18
Hitachi Vantara,Technical Customer Success Engineer,"Orlando, FL",Sep 18
EliseAI,Software Engineer – 2024 Campus Grads - 2023,NYC,Sep 17
Elise AI,Operations – 2024 Campus Grads - 2023,NYC,Sep 17
Chartboost,Software Engineer - Bidder,Remote in USA,Sep 15
Relativity Space,Simulation Engineer I,"Long Beach, CA",Sep 15
Capital One,FT Associate – New Grad 2024 - Data Analyst,"Toronto, ON, Canada",Sep 15
Capital One,Associate – FT New Grad 2024 - Software Engineer,"Toronto, ON, Canada",Sep 15
Edward Daniels Group,Cloud Engineer - Public Clouds,"Dallas, TX",Sep 15
Regrello,Software Engineer - AI,Remote in USA,Sep 13
Vanta,Software Engineer – New Grad,SF,Sep 13
Riot Games,Analyst – Competitive and Social & Player Dynamics - Valorant,LA,Sep 13
Perpay,Junior Data Analyst,"Philadelphia, Pa",Sep 13
Capital One,Associate – FT New Grad 2024 - Data Analyst,"Toronto, ON, Canada",Sep 13
Arista Networks,Software Engineer,"Vancouver, BC, Canada",Sep 12
Taboola,Solutions Engineer,"London, UK",Sep 12
Orion Innovation,Programmer Analyst,"Edison, NJ",Sep 12
Orion Innovation,Programmer Analyst,"Edison, NJ",Sep 12
Arista Networks,UX Designer - Remote from Turkey - Hungary or Romania,Remote,Sep 12
Arista Networks,Software Engineer - Packet Forwarding Engines,"Vancouver, BC, Canada",Sep 12
Arista Networks,Software Engineer - Network Systems,"Vancouver, BC, Canada",Sep 12
Connectly,Software Engineer - Backend,Remote,Sep 12
Vontive,New Grad Software Engineer - 2023,SF,Sep 12
Matroid,Vision Solutions Field Engineer,"Palo Alto, CA",Sep 12
Matroid,Full Stack Engineer for Computer Vision Products,"Palo Alto, CA",Sep 12
HealthJoy,Analytics Engineer I,Remote in USA,Sep 12
Aviatrix,Software Engineer – New Grad,"Urbana, IL",Sep 11
Perpay,Software Engineer – New Grad 2024,"Philadelphia, PA",Sep 11
Phaidra,Software Engineer - Connectivity,Remote,Sep 11
Garmin,SOFTWARE ENGINEER 1 - EMBEDDED DEVELOPMENT,"Olathe, KS",Sep 11
Sony Music Entertainment,Data Analytics Rotation Training Program-2024,NYC,Sep 11
Samsara,Software Engineer – New Grad,Remote,Sep 09
Chartboost,Software Engineer - Bidder,Remote,Sep 08
Wolverine Trading,Entry-Level Software Engineer - Immediate Start,"Chicago, IL",Sep 08
Wellington Management,Software Engineering Track – Investment Services & Technology Early Career Program - Class of 2024 - Boston,"Cambridge, MA",Sep 07
Okta,Software Engineer New Grad - Customer Identity Cloud,Remote in USA,Sep 07
Capital One,FT Associate – New Grad 2024 - Software Engineer,"Toronto, ON, Canada",Sep 07
Workato,Interaction Designer,Remote in USA,Sep 07
WhatNot,Software Engineer – 2024 New Grad,Remote,Sep 07
Applied Materials,Software Engineer – New College Grad Opportunity - Common Systems Software,"Santa Clara, CA",Sep 07
Top Hat,Software Developer,Canada,Sep 07
OptionMetrics,IT Operations Engineer,NYC,Sep 06
Nuro,Software Engineer - Web Application,"Mountain View, CA",Sep 06
Glean,Software Engineer – University Grad,"Palo Alto, CA",Sep 05
Chartboost,Software Engineer - Bidder - Spain,Remote,Sep 05
RVO Health,2024 Early Career Program: Associate Data Analyst,"Charlotte, NC",Sep 01
RVO Health,2024 Early Career Program: Software Engineering Intern,"Charlotte, NC",Sep 01
RVO Health,2024 Early Career Program: Software Engineer,"Charlotte, NC",Sep 01
Applied Intuition,Software Engineer – New Grad,"Mountain View, CA",Sep 01
ZipRecruiter,Software Engineer – New Grad,"Santa Monica, CA",Sep 01
SeatGeek,Software Engineer – New Grad,NYC,Sep 01
SeatGeek,Software Engineer – New Grad,Remote in USA,Sep 01
SeatGeek,Application Security Engineer – New Grad,NYC,Sep 01
SeatGeek,Application Security Engineer – New Grad,Remote in USA,Sep 01
SeatGeek,Data Analyst – New Grad,NYC,Sep 01
SeatGeek,Data Analyst – New Grad,Remote in USA,Sep 01
January,Software Engineer - New York City,NYC,Aug 31
January,Software Engineer - San Francisco,SF,Aug 31
Disher,RPA Developer,Remote,Aug 30
Ramp,New Grad 2024 - Software Engineer - Backend,NYC,Aug 30
Bankers Healthcare Group,Quantitative Analyst - Credit Risk,"Plantation, FL",Aug 30
Bankers Healthcare Group,Quantitative Analyst - Credit Risk,Remote in USA,Aug 30
NVIDIA,GPU Performance Software Engineer – New College Grad 2023,"Santa Clara, CA",Aug 30
The Boeing Company,Manager Software Development – Early Career Program,"Seattle, WA",Aug 30
Stripe,Software Engineering – New Grad,"Toronto, ON, Canada",Aug 30
Ramp,New Grad 2024 - Software Engineer - Frontend,NYC,Aug 30
Wisetack,Credit Risk Analyst,Remote in USA,Aug 29
Jagger,IT Manager,"Abbotsford, BC, Canada",Aug 29
Hudson River Trading,Software Engineer – 2024 Grads - C++,NYC,Aug 28
Hudson River Trading,Software Engineer – 2024 Grads - C++,"London, UK",Aug 28
Hudson River Trading,Algorithm Developer – 2024 Grads,NYC,Aug 28
Netflix,New Grad Software Engineer - 2024,"Los Gatos, CA",Aug 28
Relativity Space,Materials and Process Engineer II,"Long Beach, CA",Aug 25
NVIDIA,Software Engineer – New College Grad 2024 - Deep Learning Cudnn,"Santa Clara, CA",Aug 25
Turbo.net,Software Engineer,"Redmond, WA",Aug 25
Hitachi Vantara,Software Development Engineer - Full Stack,"Waltham, MA",Aug 25
Hitachi Vantara,Entry Level Software Engineer,"Wimborne Minster, Wimborne, UK",Aug 25
Figma,Data Scientist – Early Career - 2024,SF NYC,Aug 25
Businessolver,Java Engineer I - Work Remotely within the USA,Remote in USA,Aug 24
Qualtrics,Software Engineer – New Grad - Seattle - WA,"Seattle, WA",Aug 24
Qualtrics,Software Engineer – New Grad - Provo - UT,"Provo, UT",Aug 24
Qualtrics,Software Engineer – New Grad - Reston - VA,"Reston, VA",Aug 24
Anyscale,Software Engineer – New Grad 2024,SF,Aug 24
**OKX **,Software Engineer – New Grad - Backend - Mobile,"San Jose, CA",Aug 23
Benefitfocus,Data Analyst,Remote in USA,Aug 23
NVIDIA,Semiconductor Safety Engineer – New College Grad 2023,"Austin, TX Santa Clara, CA",Aug 22
Scale AI,Machine Learning Research Engineer – New Grad,SF,Aug 22
Scale AI,Software Engineer – New Grad,SF,Aug 22
Enable,Entry-Level Implementation Analyst,"Toronto, ON, Canada",Aug 22
Okcoin,Software Engineer – New Grad - Backend - Frontend - Mobile,"San Jose, CA",Aug 22
Reliable Robotics,Remote Piloting UX Engineer,"Mountain View, CA",Aug 22
Ready,Full Stack Software Engineer,SF,Aug 22
Stripe,Software Engineering – New Grad,"Toronto, ON, Canada",Aug 21
Stripe,Software Engineering – New Grad,"4 locationsSeattle, WA SF Chicago, IL NYC",Aug 21
Figma,Software Engineer – Early Career - 2024,SF NYC,Aug 21
Zscaler,Software Engineer,"San Jose, CA",Aug 21
Palantir,Software Engineer – New Grad,"London, UK",Aug 21
Palantir,Forward Deployed Software Engineer – New Grad,"London, UK",Aug 21
Palantir,Software Engineer – New Grad,NYC,Aug 21
Uncountable,Full-Stack Engineer – New Grad,SF NYC,Aug 20
Rhombus Power,Data Engineer - Omaha,"Omaha, NE",Aug 18
Rhombus Power,Data Engineer - Colorado Springs,"Colorado Springs, CO",Aug 18
First American,Data Science Associate - Hybrid,"Orange, CA",Aug 18
Jump Trading,Campus Quantitative Researcher - Full-Time,"London, UK",Aug 18
Databricks,Data Scientist – New Grad - 2024 Start,SF,Aug 18
Sonatype,Associate Data Scientist,Remote in USA,Aug 18
Allegiant Air,Software Middleware Engineer I,"Las Vegas, NV",Aug 16
Salesforce,Associate Site Reliability Engineer – New Grad - Govcloud,"Reston, VA Burlington, MA",Aug 14
Kitware,OSTP Software Developer,"Clifton Park, NY",Aug 14
Celonis,Associate Value Engineer - Orbit Program,NYC,Aug 13
Celonis,Associate Value Engineer - Orbit,"Raleigh, NC",Aug 13
AnaVation LLC,Software Engineer,"Reston, VA",Aug 12
Arrowstreet Capital,Quantitative Researcher,"Cambridge, MA",Aug 11
Arrowstreet Capital,Quantitative Developer,"Cambridge, MA",Aug 11
Magic Leap,Associate – Software Engineer - Graphics Systems,"Sunnyvale, CA",Aug 10
Jump Trading,Campus Quantitative Researcher - Full-Time,"Chicago, IL",Aug 10
Hillel International,Hillel at the University of Wisconsin Springboard Fellow,"Madison, WI",Aug 10
Gecko Robotics,Software Engineer – New Grad - Robot Systems,"Pittsburgh, PA",Aug 09
Gecko Robotics,Robotics – New Grad - Localization Engineer,"Pittsburgh, PA",Aug 09
Color,New Grad Software Engineer,Remote in USA,Aug 09
Tensley Consulting,Software Engineer Lvl 3,"Annapolis Junction, MD",Aug 09
Tensley Consulting,Software Engineer Level 1 - Java-focused,"Annapolis Junction, MD",Aug 09
WeRide,Software Engineer – New Grads 2024,"San Jose, CA",Aug 07
Palantir,Forward Deployed Software Engineer – New Grad - US Government,NYC,Aug 07
Woodard Curran,Entry-level Data Integration Specialist,"Helena, MT",Aug 07
Databricks,Software Engineer – New Grad - 2024 Start,"Bellevue, WA",Aug 04
Databricks,Software Engineer – New Grad - Distributed Data Systems - 2024 Start,"Bellevue, WA",Aug 04
Databricks,Software Engineer – New Grad - 2024 Start,"Mountain View, CA",Aug 04
Databricks,Software Engineer – New Grad - 2024 Start,SF,Aug 04
Databricks,Software Engineer – New Grad - Distributed Data Systems - 2024 Start,"Mountain View, CA",Aug 04
The Voleon Group,Data Scientist,"Oakland, CA",Aug 04
Belvedere Trading,Software Engineer – Entry Level 2024 Chicago,"Chicago, IL",Aug 04
Belvedere Trading,Junior Trader – Entry Level 2024,"Chicago, IL",Aug 04
Constellation Technologies,Software Engineer 0,"Odenton, MD",Aug 03
Ramp,New Grad 2023 - Software Engineer - Frontend,NYC,Aug 02
Ramp,New Grad 2023 - Software Engineer - Backend,NYC,Aug 02
Skyryse,Model Based Design Software Engineer,"El Segundo, CA",Aug 02
NVIDIA,ASIC Clocks Engineer – New College Grad 2023,"Santa Clara, CA",Aug 02
Veeva Systems,Associate Software Engineer – Seeking 2024 Grads,"Raleigh, NC",Aug 02
Veeva Systems,Associate Software Engineer – Master’s 2024 Graduates in Computer Science,"Cambridge, MA",Aug 02
Veeva Systems,Associate Performance Engineer – Seeking 2024 Grads,"Cambridge, MA",Aug 02
Waabi,Software Engineer - Simulation,"Toronto, ON, Canada SF Remote in USA",Aug 02
Veeva Systems,Associate Software Engineer – Seeking 2024 Grads,"Cambridge, MA",Aug 02
Veeva Systems,Associate Software Engineer – Master’s 2024 Graduates in Computer Science,"Toronto, ON, Canada",Aug 02
Veeva Systems,Associate Performance Engineer – Seeking 2024 Grads,"Pleasanton, CA",Aug 02
Veeva Systems,Associate Performance Engineer – Seeking 2024 Grads,"Toronto, ON, Canada",Aug 02
Veeva Systems,Associate Mobile Engineer – Seeking 2024 Grads,"Columbus, OH",Aug 02
Veeva Systems,Associate Mobile Engineer – Seeking 2024 Grads,"Pleasanton, CA",Aug 02
Veeva Systems,Associate Software Engineer – Seeking 2024 Grads,"Kansas City, MO",Aug 02
Veeva Systems,Associate Software Engineer – Master’s 2024 Graduates in Computer Science,"Kansas City, MO",Aug 02
Veeva Systems,Associate Software Engineer – Master’s 2024 Graduates in Computer Science,"Columbus, OH",Aug 02
Veeva Systems,Associate Software Engineer – Seeking 2024 Grads,"Toronto, ON, Canada",Aug 02
Veeva Systems,Associate Software Engineer – Seeking 2024 Grads,"Columbus, OH",Aug 02
Veeva Systems,Associate Software Engineer – Master’s 2024 Graduates in Computer Science,"Raleigh, NC",Aug 02
Veeva Systems,Associate Software Engineer – Seeking 2024 Grads,"Pleasanton, CA",Aug 02
Veeva Systems,Associate Software Engineer – Master’s 2024 Graduates in Computer Science,"Pleasanton, CA",Aug 02
Yassir,Backend Software Engineer,Remote,Aug 02
Fluence,Rotational Engineer,"Pittsburgh, PA",Aug 02
Yassir,Backend Software Engineer,"Montreal, QC, Canada",Aug 02
Yassir,Backend Software Engineer,"London, UK",Aug 02
Canonical,Cloud Field Engineer – Entry Level - Americas - Remote,Remote,Aug 02
Sentry,Software Engineer – New Grad - 2024,"Toronto, ON, Canada",Aug 01
Sentry,Software Engineer – New Grad - 2024,SF,Aug 01
Palantir,Forward Deployed Software Engineer – New Grad,NYC,Aug 01
Palantir,Forward Deployed Software Engineer – New Grad - US Government,"Washington, DC",Aug 01
Gecko Robotics,Software Engineer – New Grad,"Cambridge, MA",Jul 31
Gecko Robotics,Forward Deployed Engineer – New Grad,NYC,Jul 31
Alarm.com,Software Engineer,"Liberty Lake, WA",Jul 31
NVIDIA,System Verification Infrastructure Engineer – New College Grad 2023,"Santa Clara, CA Durham, NC Hillsboro, OR",Jul 27
Taboola,Solutions Engineer,"London, UK",Jul 20
Vatic Investments,Quantitative Researcher – Grads - Full Time,NYC,Jul 19
Sonatype,Associate Engineer - Lifecycle / Firewall,Remote,Jul 19
Konrad Group,Software Developer – Entry Level,"Toronto, ON, Canada",Jul 19
Squarepoint Capital,Financing Trader,NYC,Jul 19
Applied Intuition,Product Application Engineer – New Grad,"Mountain View, CA",Jul 19
Verdant Robotics,Machine Learning Devops Engineer,"Hayward, CA",Jul 19
Study.com,Associate Software Engineer,"Mountain View, CA",Jul 19
KoBold Metals,Associate Data Scientist,"Lusaka, Zambia",Jul 19
ION Group,Trading Support Analyst - Toronto,"Toronto, ON, Canada",Jul 19
ION Group,Trading Support Analyst - Jersey City,NYC,Jul 19
Wolverine Trading,Entry-Level Trader,"Chicago, IL",Jul 19
Aquatic Capital Management,Software Engineer: Early Career,"Chicago, IL",Jul 19
Aquatic Capital Management,Quantitative Researcher: Early Career,"Chicago, IL",Jul 19
Point72,Data Scientist - Proprietary Research,NYC,Jul 19
Old Mission,College Graduates - Full-Time - Junior Quant Trader - 2024,"Chicago, IL",Jul 19
Tower Research Capital,Quantitative Trader - 2024,NYC,Jul 19
IXL Learning,Software Engineer – New Grad,"San Mateo, CA",Jul 19
Old Mission,College Graduates - Full-Time - Junior Software Engineer - 2024,"Chicago, IL",Jul 19
Interactive Brokers,Application Programmer,"Greenwich, CT",Jul 19
Interactive Brokers,Finance Entry-Level Career Opportunities: Institutional Services,"Greenwich, CT",Jul 19
Akuna Capital,Software Engineer - Entry-Level - C++,"Chicago, IL",Jul 19
Akuna Capital,Performance Engineer - Entry-Level,"Chicago, IL",Jul 19
Basis Technologies,Associate Systems Engineer,"Chicago, IL",Jul 19
Konrad Group,Mobile Developer – Entry Level,"Toronto, ON, Canada",Jul 19
Konrad Group,Mobile Developer – Entry Level,"Vancouver, BC, Canada",Jul 19
Forward,Strategy and Operations – New Grad,SF,Jul 19
Veeva Systems,Associate Quality Engineer,"Toronto, ON, Canada",Jul 19
Veeva Systems,Associate Quality Engineer,"Cambridge, MA",Jul 19
Virtu Financial,Trading Operations Analyst,"Austin, TX",Jul 19
Tower Research Capital,Quantitative Research Analyst,"5 locationsLas Vegas, NV Miami, FL Chicago, IL NYC Charleston, SC",Jul 19
Harmony,AI Backend Engineer,"Palo Alto, CA",Jul 19
IXL Learning,Software Engineer – New Grad,"Raleigh, NC",Jul 19
Konrad Group,Software Developer – Entry Level,"Vancouver, BC, Canada",Jul 19
